η_e \ Δ,500,525,550,575,600,625,650,675,700,725,750,775,800,825,850,875
"0,25","5,799803","5,302116","4,867305","4,485212","4,146718","3,844850","3,576951","3,335265","3,113079","2,912921","2,729421","2,560265","2,403668","2,258100","2,122133","1,994628"
"0,30","6,345873","5,778527","5,284635","4,852151","4,470286","4,130827","3,830684","3,560702","3,313035","3,090706","2,887440","2,700568","2,528039","2,368103","2,219131","2,079827"
"0,35","6,902919","6,262434","5,706705","5,221650","4,794686","4,416266","4,082837","3,783745","3,509943","3,264974","3,041604","2,836790","2,648200","2,473850","2,311899","2,160887"
"0,40","7,476279","6,758507","6,137628","5,597355","5,123165","4,704074","4,336029","4,006761","3,705947","3,437677","3,193697","2,970563","2,765646","2,576715","2,401700","2,238966"
"0,45","8,070424","7,270577","6,580711","5,982138","5,458232","4,996458","4,592216","4,231494","3,902604","3,610216","3,344982","3,103033","2,881421","2,677645","2,489398","2,314853"
"0,50","8,689426","7,802060","7,038839","6,378454","5,801993","5,295232","4,852976","4,459324","4,101125","3,783663","3,496414","3,235054","2,996290","2,777336","2,575623","2,389121"
"0,55","9,337234","8,356207","7,514705","6,788549","6,156329","5,601984","5,119664","4,691414","4,302510","3,958885","3,648753","3,367295","3,110850","2,876318","2,660851","2,462198"
"0,60","10,017860","8,936261","8,010946","7,214580","6,523016","5,918180","5,393505","4,928794","4,507625","4,136620","3,802631","3,500305","3,225578","2,975013","2,745456","2,534419"
"0,65","10,735520","9,545579","8,530249","7,658706","6,903794","6,245233","5,675655","5,172413","4,717252","4,317522","3,958598","3,634549","3,340873","3,073765","2,829742","2,606053"
"0,70","11,494753","10,187728","9,075424","8,123153","7,300431","6,584548","5,967243","5,423185","4,932127","4,502190","4,117147","3,770437","3,457080","3,172869","2,913961","2,677318"
"0,75","12,300536","10,866570","9,649480","8,610268","7,714763","6,937563","6,269406","5,682009","5,152958","4,691189","4,278732","3,908338","3,574502","3,272577","2,998328","2,748401"
